{
    "normals":[-0,-0.010476,0.999945,0,1,-0,1,3e-06,0,-0,1e-06,1,-1,-2e-06,-0,0,2e-06,-1,-1,-1e-06,-0,1,-2e-06,0,0,1,-0,-0,-0.010875,0.999941,-1,-1e-06,-0,1,2e-06,0,0,1,-0,-0,-1,0,-0,-1,0,0,1,-0,-0,-1,0,0,1,-0,0,2e-06,-1,-0,-0,1,0,1,-0,-0,-1,0,-0,-0.010875,0.999941,1,0,1e-06,-0,-3e-06,1,0,3e-06,-1,1,0,1e-06,0,-0.010476,-0.999945,0,-0,-1,-0,-1,0,-0,-1,0,-1,-0,-1e-06,0,1,-0,-0,-1,0,-0,-1,0,0,1,-0,1,-1e-06,0,-1,-1e-06,-0,-0,-1,0,0,1,-0,-0,-1,0,0,1,-0,-0,-2e-06,1,0,2e-06,-1,0,1,-0,-0,-1,0,0,1,-0,0,-1,0,0.999925,-0.012278,0,0,-0.010875,-0.999941,-0.999925,-0.012237,-0,-0.999925,-0.012278,0,-0,-0.010476,0.999945,0.999925,-0.012237,0,0,-0.010875,-0.999941,-0.999925,-0.012237,-0,-0.999925,-0.012278,0,1e-06,-0.010476,-0.999945,0.999925,-0.012237,0,0,1,0,1,0,1e-06,-1,-0,-0,-0,0,1,-1,-0,-1e-06,-1,-0,-1e-06],
    "name":"CubeGeometry",
    "metadata":{
        "type":"Geometry",
        "vertices":76,
        "normals":65,
        "generator":"io_three",
        "version":3,
        "uvs":0,
        "faces":74
    },
    "faces":[33,21,9,55,60,0,0,0,0,33,22,15,6,19,1,1,1,1,33,12,13,5,1,2,2,2,2,33,17,19,6,2,3,3,3,3,33,9,11,7,3,4,4,4,4,33,18,16,3,7,5,5,5,5,33,32,33,11,9,6,6,6,6,33,0,4,10,8,7,7,7,7,33,18,7,11,20,8,8,8,8,33,17,2,52,59,9,9,9,9,33,2,6,15,14,10,10,10,10,33,34,35,13,12,11,11,11,11,33,37,33,15,22,12,12,12,12,33,36,23,14,32,13,13,13,13,33,49,45,23,36,14,14,14,14,33,48,37,22,47,15,15,15,15,33,40,44,21,16,16,16,16,16,33,42,18,20,46,17,17,17,17,33,42,40,16,18,18,18,18,18,33,41,43,19,17,19,19,19,19,33,47,22,19,43,20,20,20,20,33,45,41,17,23,21,21,21,21,33,1,27,63,51,22,22,22,22,33,13,35,74,69,23,23,23,23,33,1,5,29,27,24,24,24,24,33,4,0,26,28,25,25,25,25,33,10,4,66,68,26,26,26,26,33,26,0,50,62,27,27,27,27,33,4,28,72,66,28,28,28,28,33,34,12,31,39,29,29,29,29,33,8,34,39,30,30,30,30,30,33,38,25,71,75,31,31,31,31,33,46,20,37,48,32,32,32,32,33,44,49,36,21,33,33,33,33,33,21,36,32,9,34,34,34,34,33,20,11,33,37,35,35,35,35,33,8,10,35,34,36,36,36,36,33,14,15,33,32,37,37,37,37,33,30,39,49,44,38,38,38,38,33,24,46,48,38,39,39,39,39,33,31,27,41,45,40,40,40,40,33,25,47,43,29,41,41,41,41,33,27,29,43,41,42,42,42,42,33,28,26,40,42,43,43,43,43,33,28,42,46,24,44,44,44,44,33,26,30,44,40,45,45,45,45,33,38,48,47,25,46,46,46,46,33,39,31,45,49,14,14,14,14,33,61,59,52,57,47,47,47,47,33,58,60,55,53,47,47,47,47,33,56,51,63,65,47,47,47,47,33,50,54,64,62,47,47,47,47,33,0,8,54,50,48,48,48,48,33,14,23,61,57,49,49,49,49,33,9,3,53,55,50,50,50,50,33,30,26,62,64,51,51,51,51,33,8,30,64,54,52,52,52,52,33,23,17,59,61,53,53,53,53,33,31,12,56,65,54,54,54,54,33,2,14,57,52,55,55,55,55,33,12,1,51,56,48,48,48,48,33,27,31,65,63,56,56,56,56,33,3,16,58,53,57,57,57,57,33,16,21,60,58,58,58,58,58,33,69,71,73,67,59,59,59,59,33,66,72,70,68,59,59,59,59,33,74,75,71,69,59,59,59,59,33,68,70,75,74,59,59,59,59,33,5,13,69,67,60,60,60,60,33,24,38,75,70,61,61,61,61,33,29,5,67,73,62,62,62,62,33,28,24,70,72,63,63,63,63,33,35,10,68,74,23,23,23,23,33,25,29,73,71,64,64,64,64],
    "uvs":[],
    "vertices":[1,-0.083561,-1,1,-0.083561,1,-1,-0.083561,1,-1,-0.083561,-1,1,0.083561,-0.999999,0.999999,0.083561,1,-1,0.083561,1,-1,0.083561,-1,1,-0.083561,-0.778137,-1,-0.083561,-0.778137,1,0.083561,-0.778136,-1,0.083561,-0.778137,1,-0.083561,0.769674,0.999999,0.083561,0.769674,-1,-0.083561,0.769673,-1,0.083561,0.769673,-0.740837,-0.083561,-1,-0.740837,-0.083561,1,-0.740837,0.083561,-1,-0.740838,0.083561,1,-0.740837,0.083561,-0.778137,-0.740837,-0.083561,-0.778137,-0.740837,0.083561,0.769673,-0.740837,-0.083561,0.769673,0.73996,0.083561,-0.778136,0.739959,0.083561,0.769674,0.73996,-0.083561,-1,0.739959,-0.083561,1,0.73996,0.083561,-0.999999,0.739959,0.083561,1,0.73996,-0.083561,-0.778137,0.739959,-0.083561,0.769674,-1,-0.083561,-0.004232,-1,0.083561,-0.004232,1,-0.083561,-0.004232,1,0.083561,-0.004231,-0.740837,-0.083561,-0.004232,-0.740837,0.083561,-0.004232,0.739959,0.083561,-0.004231,0.739959,-0.083561,-0.004232,-0.000439,-0.083561,-1,-0.000439,-0.083561,1,-0.000439,0.083561,-1,-0.000439,0.083561,1,-0.000439,-0.083561,-0.778137,-0.000439,-0.083561,0.769673,-0.000439,0.083561,-0.778137,-0.000439,0.083561,0.769674,-0.000439,0.083561,-0.004231,-0.000439,-0.083561,-0.004232,0.973996,-2.20131,-0.977813,0.973996,-2.20131,0.976967,-0.974084,-2.20131,0.976967,-0.974083,-2.20131,-0.977814,0.973996,-2.20131,-0.800323,-0.974083,-2.20131,-0.800323,0.973996,-2.20131,0.792706,-0.974084,-2.20131,0.792706,-0.766753,-2.20131,-0.977814,-0.766753,-2.20131,0.976967,-0.766753,-2.20131,-0.800323,-0.766753,-2.20131,0.792706,0.765964,-2.20131,-0.977813,0.765964,-2.20131,0.976967,0.765964,-2.20131,-0.800323,0.765964,-2.20131,0.792706,1,2.87198,-1,0.999999,2.87198,1,1,2.87198,-0.778137,0.999999,2.87198,0.769674,0.73996,2.87198,-0.778137,0.739959,2.87198,0.769674,0.73996,2.87198,-1,0.739959,2.87198,1,1,2.87198,-0.004231,0.739959,2.87198,-0.004231]
}