{
    "name":"CubeGeometry.2",
    "faces":[33,8,1,2,9,0,0,0,0,33,10,11,6,5,1,1,1,1,33,8,10,5,1,2,2,2,2,33,1,5,6,2,3,3,3,3,33,9,11,7,3,4,4,4,4,33,4,0,3,7,5,5,5,5,33,2,6,11,9,6,6,6,6,33,0,4,10,8,7,7,7,7,33,4,7,11,10,8,8,8,8,33,0,8,9,3,9,9,9,9,33,9,8,12,13,10,10,10,10,33,0,3,13,12,11,11,11,11,33,13,2,1,12,12,12,12,12,32,9,13,3,13,13,13,32,2,13,9,14,14,14,32,8,12,1,15,15,15,32,0,12,8,15,15,15],
    "normals":[-0,-1,0,0,1,-0,1,1e-05,0,-0,-5e-06,1,-1,-5e-06,-0,0,1.1e-05,-1,-1,-5e-06,-0,1,-5e-06,0,0,1,-0,-0,-1,0,0,-0,-1,-0,0.847804,0.53031,0,0.847804,-0.53031,0.548079,0.836426,0,0.548079,0.836426,0,-0.548079,0.836426,-0],
    "metadata":{
        "type":"Geometry",
        "version":3,
        "faces":17,
        "normals":16,
        "vertices":14,
        "uvs":0,
        "generator":"io_three"
    },
    "vertices":[-5.89271,0.112724,5.89271,-5.89271,0.112723,-5.89271,5.89271,0.112723,-5.89271,5.89271,0.112724,5.89271,-5.89272,-0.112723,5.89271,-5.89271,-0.112724,-5.89272,5.89271,-0.112724,-5.89271,5.89271,-0.112723,5.89271,-5.89271,0.112723,-0,5.89271,0.112723,2e-06,-5.89271,-0.112723,-3e-06,5.89271,-0.112723,1e-06,-0.267565,3.79868,0,0.267564,3.79868,1e-06],
    "uvs":[]
}