{
    "normals":[0,-1,0,0,1,-0,1,4e-06,0,-1e-06,1e-06,1,-1,-2e-06,0,0,5e-06,-1,-1,-1e-06,0,1,4e-06,0,0,1,-0,0,-1,0,-0,-1,0,0,1,-0,1,-3e-06,0,-1,-2e-06,0,0,1,-0,-0,-1,0,-0.999666,-0.025851,0,0,1,-0,0,6e-06,-1,-0,-0,1,0,1,-0,0,-1,0,-0,-1,0,0,1,-0,-1e-06,-2e-06,1,0,6e-06,-1,0,1,-0,-0,-1,0,-0,-1,0,0,1,-0,0,1,-0,-0,-1,0,-0.99962,-0.027549,0,0,1,-0,0,6e-06,-1,-1e-06,-6e-06,1,0,1,-0,-0,-1,0,-0,-1,0,0,1,-0,-0,-7e-06,1,1e-06,7e-06,-1,0,1,-0,-0,-1,0,-0,-1,0,0,1,-0,-0,-1,0,0,1,-0,0,1,-0,-0,-1,0,-0,-1,0,0,1,-0,0,1,-0,-0,-1,0,-1,-2e-06,-0,-0,-1,0,0,1,-0,1,-1e-06,0,-0,-1,0,0,1,-0,-0,-1,0,0,1,-0,1e-06,6e-06,-1,-0,-5e-06,1,0,1,-0,0,1,-0,-0,-1,0,-1,-1e-06,0,-0,-1,0,0,1,-0,0,1,-0,-0,-1,0,-0,-1,0,0,1,-0,0,1,-0,0,-1,0,-0,-1,0,0,1,-0,1,2e-06,0,-0,-1,0,0,1,-0,1,-2e-06,0,0,1,-0,-0,-1,0,0,-0.027524,0.999621,0,1,-0,0,1,-0,-0,-1,0,-0,-0.026492,0.999649,0,1,-0,0,1,-0,-0,-1,0,-1,-2e-06,-0,0,-1,1e-06,0,-1,1e-06,0,-1,1e-06,0,-1,1e-06,0.999666,-0.025851,0,0,-0.026492,-0.999649,0,-0.027524,-0.999621,0.999666,-0.025851,0,-0,-0.026492,0.999649,-0.99962,-0.027549,0,0.99962,-0.027549,0,0,-0.027524,0.999621,0.99962,-0.027549,0,0,-0.026492,-0.999649,0,-0.027524,-0.999621,-0.999666,-0.025851,0],
    "name":"CubeGeometry",
    "metadata":{
        "type":"Geometry",
        "vertices":114,
        "normals":109,
        "generator":"io_three",
        "version":3,
        "uvs":0,
        "faces":112
    },
    "faces":[33,21,17,2,9,0,0,0,0,33,20,11,6,19,1,1,1,1,33,8,10,5,1,2,2,2,2,33,17,19,6,2,3,3,3,3,33,12,13,7,3,4,4,4,4,33,18,16,3,7,5,5,5,5,33,2,6,11,9,6,6,6,6,33,70,71,10,8,7,7,7,7,33,72,77,11,20,8,8,8,8,33,78,21,9,76,9,9,9,9,33,16,22,12,3,10,10,10,10,33,18,7,13,23,11,11,11,11,33,0,4,15,14,12,12,12,12,33,84,85,13,12,13,13,13,13,33,28,18,23,25,14,14,14,14,33,26,31,22,16,15,15,15,15,33,21,78,106,98,16,16,16,16,33,73,72,20,24,17,17,17,17,33,28,26,16,18,18,18,18,18,33,27,29,19,17,19,19,19,19,33,24,20,19,29,20,20,20,20,33,30,27,17,21,21,21,21,21,33,64,61,27,30,22,22,22,22,33,66,24,29,63,23,23,23,23,33,61,63,29,27,24,24,24,24,33,62,60,26,28,25,25,25,25,33,83,73,24,66,26,26,26,26,33,82,64,30,79,27,27,27,27,33,60,65,31,26,28,28,28,28,33,62,28,25,67,29,29,29,29,33,44,36,33,41,30,30,30,30,33,42,47,39,34,31,31,31,31,33,88,39,103,112,32,32,32,32,33,75,74,32,40,33,33,33,33,33,44,42,34,36,34,34,34,34,33,43,45,37,35,35,35,35,35,33,40,32,37,45,36,36,36,36,33,46,43,35,38,37,37,37,37,33,8,1,43,46,38,38,38,38,33,10,40,45,5,39,39,39,39,33,1,5,45,43,40,40,40,40,33,4,0,42,44,41,41,41,41,33,71,75,40,10,42,42,42,42,33,70,8,46,81,43,43,43,43,33,0,14,47,42,44,44,44,44,33,4,44,41,15,45,45,45,45,33,90,48,59,89,46,46,46,46,33,91,95,58,49,47,47,47,47,33,95,94,57,58,48,48,48,48,33,89,59,56,88,49,49,49,49,33,97,68,55,87,50,50,50,50,33,96,93,54,69,51,51,51,51,33,93,92,53,54,52,52,52,52,33,87,55,52,86,53,53,53,53,33,76,77,51,50,54,54,54,54,33,86,52,50,84,55,55,55,55,33,92,85,51,53,56,56,56,56,33,90,91,49,48,57,57,57,57,33,94,96,69,57,51,51,51,51,33,88,56,68,97,58,58,58,58,33,36,62,67,33,59,59,59,59,33,34,39,65,60,60,60,60,60,33,80,38,64,82,27,27,27,27,33,74,83,66,32,61,61,61,61,33,36,34,60,62,62,62,62,62,33,35,37,63,61,63,63,63,63,33,32,66,63,37,64,64,64,64,33,38,35,61,64,22,22,22,22,33,57,69,83,74,65,65,65,65,33,56,80,82,68,66,66,66,66,33,9,11,77,76,67,67,67,67,33,48,70,81,59,68,68,68,68,33,49,58,75,71,69,69,69,69,33,58,57,74,75,70,70,70,70,33,59,81,80,56,71,71,71,71,33,68,82,79,55,72,72,72,72,33,69,54,73,83,73,73,73,73,33,54,53,72,73,74,74,74,74,33,55,79,78,52,75,75,75,75,33,52,78,76,50,76,76,76,76,33,53,51,77,72,77,77,77,77,33,48,49,71,70,78,78,78,78,33,39,88,97,65,79,79,79,79,33,33,67,96,94,80,80,80,80,33,14,15,91,90,81,81,81,81,33,23,13,85,92,82,82,82,82,33,22,86,84,12,83,83,83,83,33,30,21,98,100,84,84,84,84,33,25,23,92,93,85,85,85,85,33,67,25,93,96,86,86,86,86,33,65,97,87,31,87,87,87,87,33,89,88,112,113,88,88,88,88,33,41,33,94,95,89,89,89,89,33,15,41,95,91,90,90,90,90,33,14,90,89,47,91,91,91,91,33,50,51,85,84,92,92,92,92,33,107,100,98,106,93,93,93,93,33,109,104,102,108,94,94,94,94,33,101,111,110,99,95,95,95,95,33,105,113,112,103,96,96,96,96,33,79,30,100,107,97,97,97,97,33,22,31,101,99,98,98,98,98,33,78,79,107,106,99,99,99,99,33,31,87,111,101,100,100,100,100,33,87,86,110,111,101,101,101,101,33,38,80,108,102,102,102,102,102,33,81,46,104,109,103,103,103,103,33,46,38,102,104,104,104,104,104,33,47,89,113,105,105,105,105,105,33,39,47,105,103,106,106,106,106,33,80,81,109,108,107,107,107,107,33,86,22,99,110,108,108,108,108],
    "uvs":[],
    "vertices":[1.6268,-0.120625,-3.34048,1.6268,-0.120625,3.34048,-1.6268,-0.120625,3.34048,-1.6268,-0.120625,-3.34048,1.62681,0.120625,-3.34047,1.6268,0.120625,3.34048,-1.62681,0.120625,3.34048,-1.6268,0.120625,-3.34048,1.6268,-0.120625,2.9594,-1.6268,-0.120625,2.9594,1.6268,0.120625,2.9594,-1.62681,0.120625,2.9594,-1.6268,-0.120625,-2.9807,-1.6268,0.120625,-2.9807,1.6268,-0.120625,-2.9807,1.62681,0.120625,-2.98069,-1.28985,-0.120625,-3.34048,-1.28986,-0.120625,3.34048,-1.28986,0.120625,-3.34048,-1.28986,0.120625,3.34048,-1.28986,0.120625,2.9594,-1.28986,-0.120625,2.9594,-1.28985,-0.120625,-2.9807,-1.28986,0.120625,-2.9807,-0.957965,0.120625,2.9594,-0.957964,0.120625,-2.9807,-0.957964,-0.120625,-3.34048,-0.957965,-0.120625,3.34048,-0.957964,0.120625,-3.34048,-0.957965,0.120625,3.34048,-0.957965,-0.120625,2.9594,-0.957964,-0.120625,-2.9807,0.954754,0.120625,2.9594,0.954755,0.120625,-2.98069,0.954755,-0.120625,-3.34048,0.954755,-0.120625,3.34048,0.954756,0.120625,-3.34047,0.954754,0.120625,3.34048,0.954755,-0.120625,2.9594,0.954755,-0.120625,-2.9807,1.30845,0.120625,2.9594,1.30845,0.120625,-2.98069,1.30845,-0.120625,-3.34048,1.30845,-0.120625,3.34048,1.30845,0.120625,-3.34047,1.30845,0.120625,3.34048,1.30845,-0.120625,2.9594,1.30845,-0.120625,-2.9807,1.6268,-0.120625,-0.010649,1.6268,0.120625,-0.010648,-1.6268,-0.120625,-0.01065,-1.6268,0.120625,-0.01065,-1.28986,-0.120625,-0.01065,-1.28986,0.120625,-0.01065,-0.957965,0.120625,-0.01065,-0.957964,-0.120625,-0.01065,0.954755,-0.120625,-0.01065,0.954755,0.120625,-0.010648,1.30845,0.120625,-0.010648,1.30845,-0.120625,-0.01065,-0.001605,-0.120625,-3.34048,-0.001605,-0.120625,3.34048,-0.001604,0.120625,-3.34048,-0.001606,0.120625,3.34048,-0.001605,-0.120625,2.9594,-0.001605,-0.120625,-2.9807,-0.001606,0.120625,2.9594,-0.001604,0.120625,-2.98069,-0.001605,-0.120625,-0.01065,-0.001605,0.120625,-0.010649,1.6268,-0.120625,2.60601,1.6268,0.120625,2.60602,-1.28986,0.120625,2.60601,-0.957965,0.120625,2.60601,0.954754,0.120625,2.60602,1.30845,0.120625,2.60602,-1.6268,-0.120625,2.60601,-1.62681,0.120625,2.60601,-1.28986,-0.120625,2.60601,-0.957965,-0.120625,2.60601,0.954755,-0.120625,2.60601,1.30845,-0.120625,2.60601,-0.001605,-0.120625,2.60601,-0.001605,0.120625,2.60601,-1.6268,-0.120625,-2.64058,-1.6268,0.120625,-2.64058,-1.28985,-0.120625,-2.64058,-0.957964,-0.120625,-2.64058,0.954755,-0.120625,-2.64058,1.30845,-0.120625,-2.64058,1.6268,-0.120625,-2.64058,1.62681,0.120625,-2.64057,-1.28986,0.120625,-2.64058,-0.957964,0.120625,-2.64057,0.954755,0.120625,-2.64057,1.30845,0.120625,-2.64057,-0.001605,0.120625,-2.64057,-0.001605,-0.120625,-2.64058,-1.20688,-3.32917,2.87105,-1.20688,-3.32917,-2.89567,-1.04094,-3.32917,2.87105,-1.04094,-3.32917,-2.89567,1.04318,-3.32917,2.87105,1.04318,-3.32917,-2.89567,1.22003,-3.32917,2.87105,1.22003,-3.32917,-2.89567,-1.20688,-3.32917,2.69436,-1.04094,-3.32917,2.69436,1.04318,-3.32917,2.69436,1.22003,-3.32917,2.69436,-1.20688,-3.32917,-2.72561,-1.04094,-3.32917,-2.72561,1.04318,-3.32917,-2.7256,1.22003,-3.32917,-2.7256]
}