{
    "uvs":[],
    "vertices":[0.052484,-0.717721,-3.63037,0.052484,-0.717721,2.72643,-0.767849,-0.717721,2.72643,-0.767849,-0.717721,-3.63037,0.052485,6.81032,-3.63037,0.052484,6.81032,2.72644,-0.767849,6.81032,2.72643,-0.767849,6.81032,-3.63037,0.052484,-0.717721,1.77555,-0.767849,-0.717721,1.77554,0.052484,6.81032,1.77555,-0.767849,6.81032,1.77554,-0.767849,-0.717721,-2.65187,-0.767849,6.81032,-2.65187,0.052484,-0.717721,-2.65187,0.052485,6.81032,-2.65187,0.052485,6.03332,-3.63037,0.052484,6.03332,2.72644,-0.767849,6.03332,2.72643,-0.767849,6.03332,-3.63037,-0.767849,6.03332,1.77554,0.052484,6.03332,1.77555,0.052485,6.03332,-2.65187,-0.767849,6.03332,-2.65187,-0.767849,0.131871,1.77554,0.052484,0.131871,1.77555,0.052484,0.131871,-2.65187,-0.767849,0.131871,-2.65187,0.052484,0.131871,-3.63037,0.052484,0.131871,2.72643,-0.767849,0.131871,2.72643,-0.767849,0.131871,-3.63037,0.052484,-0.717721,-0.017579,0.052484,6.81032,-0.017578,-0.767849,-0.717721,-0.01758,-0.767849,6.81032,-0.01758,-0.767849,6.03332,-0.01758,0.052484,6.03332,-0.017578,0.052484,0.131871,-0.017579,-0.767849,0.131871,-0.01758,-0.767849,-0.717721,-0.721169,-0.767849,6.81032,-0.721169,-0.767849,6.03332,-0.721169,-0.767849,0.131871,-0.721169,0.052484,-0.717721,-0.721168,0.052484,6.81032,-0.721167,0.052484,6.03332,-0.721167,0.052484,0.131871,-0.721168,0.052485,3.46428,-3.63037,0.052484,3.46428,2.72644,-0.767849,3.46428,2.72643,-0.767849,3.46428,-3.63037,-0.767849,3.46428,1.77554,0.052484,3.46428,1.77555,0.052484,3.46428,-2.65187,-0.767849,3.46428,-2.65187,0.052484,3.46428,-0.017579,-0.767849,3.46428,-0.01758,0.052484,3.46428,-0.721167,-0.767849,3.46428,-0.721169,-0.767849,2.85253,1.77554,0.052484,2.85253,1.77555,0.052484,2.85253,-2.65187,-0.767849,2.85253,-2.65187,0.052484,2.85253,-0.017579,-0.767849,2.85253,-0.01758,0.052484,2.85253,-0.721168,-0.767849,2.85253,-0.721169,0.052485,2.85253,-3.63037,0.052484,2.85253,2.72644,-0.767849,2.85253,2.72643,-0.767849,2.85253,-3.63037],
    "name":"CubeGeometry",
    "metadata":{
        "uvs":0,
        "generator":"io_three",
        "version":3,
        "type":"Geometry",
        "vertices":72,
        "normals":62,
        "faces":78
    },
    "normals":[-0,-1,0,0,1,-1e-06,1,0,0,-3e-06,-0,1,-1,0,0,2e-06,0,-1,-1,0,-0,1,0,0,0,1,0,0,-1,0,-0,-1,0,0,1,0,1,0,0,-1,0,-0,1,-0,0,0,1,-0,-1,-0,-0,2e-06,0,-1,-1,-0,-0,-3e-06,0,1,1,0,0,1,0,-0,-1e-06,-0,1,-1,-0,-0,-1,0,-0,1,0,0,1,-0,0,-1,-0,-0,2e-06,0,-1,1,-0,0,1,0,0,-0,-1,0,1,0,0,1,0,0,2e-06,0,-1,1,-0,0,-1,-0,-0,-1,-0,0,1,-0,0,-1,-0,-0,1,-0,0,2e-06,0,-1,1,0,0,-2e-06,0,1,-1,0,-0,1,-0,0,1,-0,0,-2e-06,-0,1,1,-0,0,-1,-0,-0,-1,-0,-0,-2e-06,0,1,1,0,0,1,0,0,-2e-06,-0,1,2e-06,0,-1,2e-06,0,-1,-2e-06,-0,1,-2e-06,-0,1,-0,-1,0,2e-06,0,-1,2e-06,0,-1],
    "faces":[33,8,1,2,9,0,0,0,0,33,10,11,6,5,1,1,1,1,33,21,10,5,17,2,2,2,2,33,17,5,6,18,3,3,3,3,33,23,13,7,19,4,4,4,4,33,28,0,3,31,5,5,5,5,33,18,6,11,20,6,6,6,6,33,37,33,10,21,7,7,7,7,33,33,35,11,10,8,8,8,8,33,32,8,9,34,9,9,9,9,33,0,14,12,3,10,10,10,10,33,4,7,13,15,11,11,11,11,33,16,4,15,22,12,12,12,12,33,42,41,13,23,13,13,13,13,33,37,21,20,36,9,9,9,9,33,48,16,22,54,14,14,14,14,33,43,47,26,27,15,15,15,15,33,50,18,20,52,16,16,16,16,33,4,16,19,7,17,17,17,17,33,55,23,19,51,18,18,18,18,33,49,17,18,50,19,19,19,19,33,53,21,17,49,20,20,20,20,33,8,25,29,1,21,21,21,21,33,1,29,30,2,22,22,22,22,33,12,27,31,3,23,23,23,23,33,2,30,24,9,24,24,24,24,33,32,38,25,8,25,25,25,25,33,0,28,26,14,26,26,26,26,33,40,43,27,12,27,27,27,27,33,68,28,31,71,28,28,28,28,33,9,24,39,34,4,4,4,4,33,44,47,38,32,29,29,29,29,33,58,46,37,56,30,30,30,30,33,42,23,22,46,31,31,31,31,33,20,11,35,36,4,4,4,4,33,44,32,34,40,9,9,9,9,33,45,41,35,33,8,8,8,8,33,46,45,33,37,32,32,32,32,33,22,15,45,46,33,33,33,33,33,15,13,41,45,8,8,8,8,33,14,44,40,12,9,9,9,9,33,47,43,67,66,34,34,34,34,33,14,26,47,44,35,35,35,35,33,34,39,43,40,36,36,36,36,33,57,36,42,59,37,37,37,37,33,36,35,41,42,4,4,4,4,33,65,57,59,67,4,4,4,4,33,62,54,58,66,38,38,38,38,33,60,52,57,65,39,39,39,39,33,66,58,56,64,40,40,40,40,33,16,48,51,19,41,41,41,41,33,61,53,49,69,42,42,42,42,33,69,49,50,70,43,43,43,43,33,63,55,51,71,44,44,44,44,33,70,50,52,60,4,4,4,4,33,64,56,53,61,45,45,45,45,33,68,48,54,62,46,46,46,46,33,67,59,55,63,4,4,4,4,33,54,22,23,55,47,47,47,47,33,28,68,62,26,48,48,48,48,33,54,55,59,58,8,8,8,8,33,30,70,60,24,49,49,49,49,33,27,63,71,31,50,50,50,50,33,29,69,70,30,51,51,51,51,33,25,61,69,29,52,52,52,52,33,47,66,64,38,53,53,53,53,33,26,62,63,27,54,54,54,54,33,58,59,42,46,55,55,55,55,33,39,65,67,43,4,4,4,4,33,48,68,71,51,56,56,56,56,33,38,39,24,25,8,8,8,8,33,38,64,65,39,57,57,57,57,33,56,37,36,57,58,58,58,58,33,67,63,62,66,59,59,59,59,33,64,61,60,65,9,9,9,9,33,24,60,61,25,60,60,60,60,33,52,20,21,53,61,61,61,61,33,52,53,56,57,15,15,15,15]
}